name;id;"employees (lower bound)";"employees (upper bound)";employee_date;revenue;"datascouts score";social_score;traction_score;business_size_score;seo_score;median_load_time;median_load_time_percentile;incoming_links_count;alexa_rank;alexa_rank_change;reach_alexa_rank_change;reach_per_million;reach_per_million_change_percentile;page_views_per_user;page_views_per_user_change_percentile;page_views_per_million;page_views_per_million_change_percentile;page_views_alexa_rank;page_views_alexa_rank_change;alexa_date;rank;top_rank;domain_rating;backlinks_count;referring_domains_count;referring_ips_count;referring_class_c_count;referring_pages_count;ahrefs_date;checkins_count;likes_count;talking_about_count;facebook_date;listed_count;tweet_count;favourites_count;twitter_date
Zendesk;26096;2080;2080;2017-11-28;267648342.15;124;143;122;108;132;2836;25;9914;335;-56;-71;1,999;14.7;4.81;0;223.6;0;311;-48;2017-09-27;37;180;79;25601;1350;1200;1051;24091;2017-10-23;84;71089;2088;2017-10-24;;41308;7701;2017-10-24
Act;26097;6700;6700;2017-01-12;;88;127;61;98;91;1327;66;537;67438;-5952;-5563;10.6;6;4.2;8;1.04;8;58405;-7797;2017-09-29;17;59752;59;2942;344;324;279;1745;2017-10-23;0;18173;24;2017-10-24;;12186;347;2017-10-24
Archie;26098;15;15;2017-11-28;;47;73;0;65;81;;;19;3616675;-7638267;-6405248;0.08;300;2;80;0;80;4114956;-9850488;2017-09-27;9;1659795;48;573;26;27;27;551;2017-10-23;;;;;;1768;1;2017-10-24
Autotask;26099;540;540;2017-11-28;;85;129;48;99;98;3508;16;287;157190;-15321;-15498;5.1;10;1.6;-2.94;0.2;-2.94;224737;-18565;2017-09-27;14;49833;60;401;103;102;92;337;2017-10-23;256;14700;57;2017-10-24;;8642;1257;2017-10-24
"Base CRM";26100;235;235;2017-11-28;;81;123;52;86;92;1281;68;211;90190;-3488;-4490;9.68;4;1.8;-4.23;0.41;-4.23;125632;-27;2017-09-27;57;69426;59;274910;1260;1189;1046;239812;2017-10-23;103;4402;20;2017-10-24;;9015;769;2017-10-24
Basecamp;26101;110;110;2017-11-28;;109;139;109;85;115;2175;37;1483;1158;-38;-42;582;1;5.63;1;76.19;1;894;-37;2017-09-27;87;3356;69;672826;28659;19843;13174;304278;2017-10-23;0;12241;43;2017-10-24;;65009;613;2017-10-24
BaseNet;26102;30;30;2017-11-28;;60;69;38;73;75;768;87;52;428091;85877;108258;0.85;-23.86;12;-13.72;0.24;-13.72;192536;53014;2017-09-27;12;124243;57;81;15;14;14;80;2017-10-23;;;;;;286;2;2017-10-24
Billage;26103;10;10;2017-11-28;;68;121;49;63;69;2370;33;67;177279;23913;24633;3.3;-16.51;3.9;-6.731;0.3;-6.731;159042;27485;2017-09-29;22;1396765;49;84;25;25;25;84;2017-10-23;3;1648;12;2017-10-24;;3940;4576;2017-10-24
"Bitrix 24";26104;15;15;2017-11-28;;95;122;90;70;112;1800;48;416;8448;57;135;94.4;-2.83;5.75;2;12.6;2;6063;32;2017-09-27;41;3830;68;6712;375;262;223;3137;2017-10-23;0;8070;53;2017-10-24;;5155;866;2017-10-24
Bouwsoft;26105;10;10;2017-11-28;;44;44;0;63;86;;;8;8742935;-4782867;-8504833;0.03;200;1;-75;0;-75;11211967;798303;2017-09-27;31;2359239;47;1216;111;90;88;709;2017-10-23;3;866;12;2017-10-24;;;;
CoManage;26107;5;5;2017-11-28;;51;66;40;59;50;657;89;15;448978;-120033;-108213;0.8;20;12;60;0.22;60;202491;-139617;2017-09-29;10;20150452;38;10;4;4;4;10;2017-10-23;;;;;;132;13;2017-10-24
Evoliz;26109;;;;;58;103;56;25;67;818;85;138;162339;21563;10823;3.4;-8.543;5.3;-36.46;0.42;-36.46;122082;42339;2017-09-29;10;1684298;48;65;23;23;23;65;2017-10-23;0;75;6;2017-10-24;;824;2;2017-10-24
"Exact Online";26110;2190;2190;2017-11-28;241309773.6;100;126;76;108;112;1439;61;276;86846;8341;10011;9.22;-16.13;2.4;10;0.52;10;104073;5826;2017-09-27;17;21446;63;412;69;73;71;331;2017-10-23;1011;30032;716;2017-10-24;;3379;863;2017-10-24
FattureInCloud;26111;5;5;2017-11-28;;60;13;80;59;60;870;84;58;22526;-4246;-5781;29.2;18;11.1;4;7.55;4;10119;-2169;2017-09-27;22;431881;53;125;24;23;23;63;2017-10-23;;;;;;;;
Freshdesk;26115;990;990;2017-11-28;;113;134;105;97;127;2756;26;5454;1823;-421;-516;394;20;5.61;-6.811;51.44;-6.811;1360;-192;2017-09-27;81;875;73;890412;6157;2941;2341;252903;2017-10-23;0;70305;209;2017-10-24;;8970;1331;2017-10-24
Harvest;26116;59;59;2017-11-28;;98;136;94;81;100;952;80;774;25231;657;852;41.4;-5.416;1.86;2;1.8;2;36638;385;2017-09-27;51;16768;63;5218;654;637;574;2684;2017-10-23;126;42141;21;2017-10-24;;25280;4562;2017-10-24
Highrise;26117;5;5;2017-11-28;;76;78;76;59;92;1703;52;618;19725;-1553;-1989;34.5;6;9.96;4;7.99;4;9595;-993;2017-09-27;82;27706;62;38947;3912;3259;2635;19218;2017-10-23;;;;;;1268;190;2017-10-24
Hubspot;26118;2271;2271;2017-11-28;232449040.95;125;158;119;107;134;1703;52;33989;561;-22;-47;1,087;2.4;7.41;6.9;187.5;6.9;360;-43;2017-09-27;80;328;76;39097;2983;2433;1897;19972;2017-10-23;6988;1520527;9602;2017-10-24;;75629;26128;2017-10-24
"Ines CRM";26119;45;45;2017-11-28;;62;108;27;80;67;669;91;44;533731;176462;138102;0.91;-30.86;3;-44.26;0.06;-44.26;538714;277647;2017-09-29;9;2263777;47;1561;65;65;63;996;2017-10-23;1;128;2;2017-10-24;;5550;521;2017-10-24
Insightly;26120;150;150;2017-11-28;;94;129;86;86;94;1361;64;378;36913;1393;1752;26.3;-7.901;2.03;5;1.24;5;50003;856;2017-09-27;27;26257;62;2609;466;437;386;2203;2017-10-23;54;35085;68;2017-10-24;;8299;1190;2017-10-24
Julitec;26121;;;;;45;91;12;25;83;811;82;12;1536955;-743726;-618299;0.23;50;2.7;40;0.02;40;1549124;-1064958;2017-09-27;13;1425047;49;27;7;7;7;27;2017-10-23;2;232;1;2017-10-24;;136;6;2017-10-24
Moneybird;26123;15;15;2017-11-28;;63;83;47;65;73;587;93;79;208379;74578;66759;2.9;-36.2;3.3;-35.8;0.22;-35.8;204392;102753;2017-09-29;13;251211;54;181;54;55;53;162;2017-10-23;;;;;;5329;573;2017-10-24
Odoo;26124;356;356;2017-11-28;;104;131;88;96;118;2510;30;2256;9897;-628;-548;79;3;6.06;5;11.1;5;6853;-704;2017-09-27;27;4892;68;1647573;380;355;331;1627884;2017-10-23;0;35365;646;2017-10-24;;3619;550;2017-10-24
"Oro CRM";26125;360;360;2017-11-28;;75;112;44;85;89;3017;22;138;204610;-11495;-11191;2.7;4;4.3;5;0.28;5;171271;-14211;2017-09-27;12;213194;55;281;53;56;55;230;2017-10-23;0;743;1;2017-10-24;;1790;454;2017-10-24
Pipedrive;26126;280;280;2017-11-28;;99;131;98;86;95;1392;63;377;3601;-261;-422;180;5.7;12.1;0.8;50.51;0.8;1387;-106;2017-09-27;31;25121;62;13535;421;426;396;7798;2017-10-23;3;45331;823;2017-10-24;;8574;1334;2017-10-24
Podio;26127;9600;9600;2017-11-28;2932358630.25;98;87;95;104;104;1050;77;575;5183;266;369;132;-5.669;10.4;-0.573;32.06;-0.573;2302;150;2017-09-27;83;4312;68;844897;11740;9552;6917;587245;2017-10-23;;;;;;4034;992;2017-10-24
Prosperworks;26128;150;150;2017-11-28;;82;112;72;77;84;3084;21;115;32554;-2188;-1883;20.6;2;8.54;13;4.09;13;17680;-2673;2017-09-29;13;121719;57;239;55;58;58;203;2017-10-23;141;2184;64;2017-10-24;;1165;516;2017-10-24
salesforce;26131;25000;25000;2017-11-28;7199063474.4;139;153;141;128;140;1420;62;10150;124;-13;-21;3,872;6.6;19.4;-4.06;1,748;-4.06;47;1;2017-09-27;42;646;74;160597;12202;10666;5302;153999;2017-10-23;5162;673930;3471;2017-10-24;;50981;7484;2017-10-24
"SAP SE";26132;84180;84180;2017-11-28;20604527580;130;149;106;137;147;3018;22;15378;1835;28;16;424;-2.47;4.14;-1.66;40.83;-1.66;1746;60;2017-09-27;28;945;73;172491;2402;1918;1677;166260;2017-10-23;15640;901882;2741;2017-10-24;;18240;1410;2017-10-24
Sellf;26133;96;96;2017-11-28;;70;116;47;75;69;2170;37;71;617010;153797;130988;0.92;-29.84;1.6;-7.429;0.03;-7.429;845877;225905;2017-09-29;8;1724465;48;1859;241;243;224;1769;2017-10-23;0;6496;1;2017-10-24;;1878;1080;2017-10-24
Sellsy;26134;28;28;2017-11-28;;77;110;62;72;83;1713;52;50;93826;-78611;-76296;9.3;110;1.8;-4.813;0.39;-4.813;131148;-100136;2017-09-27;29;172336;56;391;92;104;100;373;2017-10-23;0;570;3;2017-10-24;;1799;3738;2017-10-24
Simplicate;26135;21;21;2017-11-28;;64;103;44;71;62;1866;46;30;647101;-198468;-174392;0.57;30;7;50;0.09;50;402887;-250765;2017-09-29;16;1937518;48;65;11;10;10;33;2017-10-23;16;335;21;2017-10-24;;348;291;2017-10-24
SugarCRM;26136;450;450;2017-11-28;;98;129;77;98;111;1449;61;2203;48210;4653;3026;15.7;-8.767;4.15;-17.82;1.52;-17.82;42265;8639;2017-09-27;22;9853;65;3835;508;460;422;3651;2017-10-23;374;7789;34;2017-10-24;;14246;1096;2017-10-24
SumaCRM;26137;5;5;2017-11-28;;63;77;59;59;67;1328;66;77;106700;6641;9804;6.1;-11.98;4.3;10;0.61;10;91325;845;2017-09-27;9;823829;51;108;48;49;47;108;2017-10-23;;;;;;701;5294;2017-10-24
Teamwork;26138;110;110;2017-11-28;;99;130;98;84;100;1481;60;276;4105;-524;-674;186;11;6.11;1;26.49;1;2815;-363;2017-09-27;44;21516;63;5134;416;336;316;1887;2017-10-23;0;23799;53;2017-10-24;;7267;2556;2017-10-24
Timechimp;26139;5;5;2017-11-28;;56;87;34;59;66;;;15;946368;92915;119750;0.46;-17.07;2.5;10;0.03;10;1017911;41398;2017-09-27;10;5341475;44;2;2;2;2;2;2017-10-23;0;147;5;2017-10-24;;76;10;2017-10-24
Visma;26140;4940;4940;2017-11-28;763941160.5;91;75;73;112;105;1004;78;540;42940;-45;-215;19.2;-1.72;3.21;-2.73;1.44;-2.73;44190;1067;2017-09-27;13;9285;65;1585;61;61;61;1542;2017-10-23;;;;;;495;10;2017-10-24
Vtiger;26141;104;104;2017-11-28;;87;115;69;81;102;1958;43;993;41399;1029;407;21.2;-3.76;2.68;-5.3;1.32;-5.3;47595;3015;2017-09-27;20;17526;63;9216;450;413;384;7964;2017-10-23;13;4103;29;2017-10-24;;882;46;2017-10-24
Wefact;26142;5;5;2017-11-28;;62;101;26;59;91;537;93;34;2044138;232833;-8456;0.19;-1.41;1.6;-40.22;0.01;-40.22;2581039;763078;2017-09-29;11;129748;57;37;16;14;14;37;2017-10-23;1;221;42;2017-10-24;;442;6;2017-10-24
WhiteWorks;26143;6700;6700;2017-01-12;;64;99;13;101;78;1722;42;9;1058598;-102622;-119732;0.54;20;1.1;-10.74;0.01;-10.74;1666756;-66683;2017-09-29;9;2514002;47;25;7;7;7;25;2017-10-23;8;664;0;2017-10-24;;300;3;2017-10-24
Wrike;26144;430;430;2017-11-28;;98;128;95;87;96;4308;10;718;4568;-282;-264;170;2;5.97;11;23.59;11;3202;-486;2017-09-27;19;17344;63;2775;438;412;380;2626;2017-10-23;0;14604;69;2017-10-24;;11482;1425;2017-10-24
Zoho;26145;5080;5080;2017-11-28;;123;138;120;113;128;1835;47;7291;462;-68;-88;1,315;11;7.04;0;215.5;0;322;-41;2017-09-27;80;1412;72;350353;4120;2495;2093;255201;2017-10-23;48;138783;3642;2017-10-24;;11440;4344;2017-10-24
Teamleader;26146;170;170;2017-11-28;;81;112;70;90;71;1116;74;61;52844;-7463;-7688;13.8;10;4.54;7;1.46;7;43743;-7977;2017-09-27;14;269396;54;74;24;27;27;58;2017-10-23;0;26761;38;2017-10-24;;233;57;2017-10-24
ABCrm;26148;;;;;32;64;0;25;64;;;1;;;;;;;;;;;;2017-09-29;8;29645502;36;13;2;2;2;13;2017-10-23;;;;;;106;8;2017-10-24
ActiveColab;26149;5;5;2017-01-19;;85;128;73;67;94;1896;45;400;36313;-2107;-3037;22;6;3.96;-5.489;2.02;-5.489;33123;-366;2017-09-27;81;34069;61;55168;3000;2518;2101;42240;2017-10-23;0;7031;3;2017-10-24;;8444;4473;2017-10-24
"Agile CRM";26153;137;137;2017-11-28;;89;122;77;77;98;3135;20;108;24864;-5437;-6847;26.8;20;9.87;7;6.16;7;12160;-3335;2017-09-27;18;16739;63;497;98;108;103;417;2017-10-23;0;6429;322;2017-10-24;;7682;914;2017-10-24
Asana;26154;360;360;2017-11-28;;112;145;118;89;106;5854;4;1734;581;2;-27;1,087;-0.514;6.67;5.7;168.9;5.7;400;-35;2017-09-27;86;4953;68;110552;14723;11748;8165;65921;2017-10-23;493;218441;1343;2017-10-24;;27699;14957;2017-10-24
Batchbook;26155;8;8;2017-11-28;;73;123;47;62;90;3170;20;211;253689;19007;22334;2;-11.23;5;0.8;0.23;0.8;195687;14325;2017-09-27;17;78726;58;7741;1570;1180;1013;6082;2017-10-23;0;5148;4;2017-10-24;;6080;370;2017-10-24
BedeskExpress;26156;;;;;43;92;12;25;77;;;117;3836065;13715;271193;0.08;-9.375;2;30;0;30;4483112;-415314;2017-09-29;9;3565367;46;4;3;3;3;4;2017-10-23;0;445;0;2017-10-24;;177;0;2017-10-24
Bexio;26158;40;40;2017-11-28;;76;114;62;70;82;1372;64;58;69466;-4485;-7652;8.2;7;11;-6.86;2.02;-6.86;33144;-289;2017-09-27;22;209920;55;149;30;29;29;77;2017-10-23;0;2572;10;2017-10-24;;1274;1019;2017-10-24
Billings;26159;32;32;2017-11-28;;74;118;41;69;101;1705;52;421;310107;-8014;-13181;1.9;2;2.5;-4.962;0.11;-4.962;353756;2707;2017-09-27;18;72853;59;1874;391;386;356;1705;2017-10-23;0;1023;4;2017-10-24;;9773;1574;2017-10-24
"BPM Online";26161;150;150;2017-11-28;;81;119;63;77;88;2127;39;166;84383;-17270;-24356;8.1;28;4.22;-15.6;0.8;-15.6;72934;-5835;2017-09-27;14;160769;56;1670;92;90;84;1423;2017-10-23;6;13114;1398;2017-10-24;;1361;231;2017-10-24
Capsule;26165;;;;;67;82;77;25;85;1156;72;302;22036;1791;1476;27.9;-7.067;15.7;-13.71;10.2;-13.71;7452;1388;2017-09-27;56;64680;59;13741;1611;1319;1108;7977;2017-10-23;;;;;;3127;247;2017-10-24
Charibase;26167;30;30;2017-10-28;;49;73;0;69;84;;;9;5710876;-7652648;-9234481;0.04;400;3;-18.35;0;-18.35;5383167;-5855283;2017-09-22;11;2355594;47;3;3;3;3;3;2017-10-23;;;;;;711;43;2017-10-24
Clarizen;26170;200;200;2017-11-28;;84;120;68;87;85;1825;48;1352;49313;701;818;14.6;-4.49;4.97;2;1.69;2;38577;140;2017-09-27;12;146288;56;1155;89;88;86;1069;2017-10-23;0;3459;8;2017-10-24;;9540;120;2017-10-24
Datafakt;26174;;;;;32;77;0;25;56;;;1;;;;;;;;;;;;2017-09-29;5;89674894;22;110;11;8;8;110;2017-10-23;0;38;0;2017-10-24;;17;0;2017-10-24
Daylite;26176;32;32;2017-11-28;;74;118;41;69;101;1705;52;421;310107;-8014;-13181;1.9;2;2.5;-4.962;0.11;-4.962;353756;2707;2017-09-27;18;72853;59;1874;391;386;356;1705;2017-10-23;0;1023;4;2017-10-24;;9773;1574;2017-10-24
Debitoor;26178;10;10;2017-11-28;;78;116;70;63;82;1960;43;52;52262;-2950;-2373;14.9;2;3.62;8;1.25;8;49816;-5048;2017-09-27;41;325208;54;9251;424;415;368;6701;2017-10-23;0;15741;5;2017-10-24;;1212;713;2017-10-24
Deskflow;26179;5;5;2017-01-19;;45;102;0;59;60;;;1;;;;;;;;;;;;2017-09-29;4;56911334;30;0;0;0;0;0;2017-10-23;0;1068;1;2017-10-24;;436;2;2017-10-24
Digitaalkantoor;26181;10;10;2017-11-28;;54;112;0;63;88;;;20;4951629;2421865;2040371;0.05;-53.659;2;-49.492;0;-49.492;5225295;3151373;2017-09-27;10;912660;50;555;72;56;54;555;2017-10-23;1;601;1;2017-10-24;;1253;0;2017-10-24
DigitaleFactuur;26182;;;;;30;102;17;25;11;;;1;4377337;1980468;1698479;0.08;-56.923;1;-8.264;0;-8.264;5908342;2537371;2017-09-29;0;0;0;0;0;0;0;0;2017-10-23;0;779;0;2017-10-24;;305;54;2017-10-24
Dolibarr;26183;390;390;2017-11-28;;84;119;58;83;100;1915;45;2861;149764;-2451;1617;4;-2.97;4.5;10;0.41;10;124580;-9510;2017-09-29;33;40112;60;1639;99;91;88;848;2017-10-23;0;34634;24;2017-10-24;;285;6;2017-10-24
Efficy;26186;60;60;2017-11-28;;68;85;31;84;96;1005;78;59;983144;168975;207286;0.42;-25.84;2.9;10;0.03;10;981849;104116;2017-09-27;19;608875;52;70;34;14;13;70;2017-10-23;9;286;16;2017-10-24;;105;0;2017-10-24
Emnis;26187;30;30;2017-11-28;;36;0;0;69;75;;;6;8080445;-10376277;-8575102;0.02;200;2;100;0;100;8245578;-11940822;2017-09-29;25;4600962;45;805;252;43;40;803;2017-10-23;;;;;;;;
Factusol;26190;60;60;2017-11-28;;64;121;22;75;79;;;6;;;;;;;;;;;;2017-09-27;9;17185384;39;2;2;2;2;2;2017-10-23;713;14675;122;2017-10-24;;2639;5789;2017-10-24
Factuursturen.be;26191;;;;;32;94;0;25;46;663;91;24;864093;321977;340582;0.44;-42.71;4.2;-20.31;0.04;-20.31;718644;315645;2017-09-29;13;1392304;49;62;10;9;9;33;2017-10-23;0;1388;3;2017-10-24;;94;30;2017-10-24
Flowcrm;26192;30;30;2017-11-28;;56;96;12;69;83;1392;49;17;6041531;2835973;2503447;0.05;-60.87;1;0;0;0;8088131;3445313;2017-09-27;26;1116455;50;50405;71;62;60;50008;2017-10-23;9;136;10;2017-10-24;;338;110;2017-10-24
Forcemanager;26193;100;100;2017-11-28;;68;117;31;85;74;1278;68;73;468725;133858;143841;0.97;-33.64;4.3;-12.32;0.1;-12.32;392505;132411;2017-09-27;34;2553662;47;6329;248;261;237;4302;2017-10-23;10;6258;4;2017-10-24;;1208;219;2017-10-24
Freshbooks;26194;290;290;2017-11-28;;101;137;93;81;110;1704;52;2284;5335;-138;-317;156;3;4.6;-3.36;16.72;-3.36;4565;18;2017-09-27;28;4393;68;116202;1366;1322;1114;116047;2017-10-23;321;64452;184;2017-10-24;;20530;5969;2017-10-24
Aareon;26197;;;;;41;0;35;35;81;;;17;2462658;466254;945394;0.1;-41.54;5.3;100;0.01;100;1733039;-375567;2017-09-29;11;644811;52;2;2;2;2;2;2017-10-23;;;;;;;;
HQLabs;26198;5;5;2017-01-19;;63;103;29;62;87;608;92;25;858223;56756;66130;0.54;-11.4;2.2;5;0.03;5;997066;39647;2017-09-27;15;1161826;49;28;10;10;10;14;2017-10-23;0;2607;71;2017-10-24;;361;160;2017-10-24
iMuis;26199;15;15;2017-11-28;;57;106;0;65;100;;;36;3443067;779576;1392879;0.07;-44.68;4;90;0.01;90;2839963;-184047;2017-09-29;16;66562;59;122;15;15;15;102;2017-10-23;7;306;24;2017-10-24;;954;25;2017-10-24
"Infusion Soft";26200;700;700;2017-11-28;;116;142;113;92;128;1682;53;2308;689;-39;-32;1,135;2.1;2.73;2.6;72.22;2.6;948;-70;2017-09-27;25;728;74;21228;817;758;673;21083;2017-10-23;1033;185147;2066;2017-10-24;;30426;8468;2017-10-24
Insusoft;26201;75;75;2017-11-28;;51;47;13;74;86;883;83;85;12361054;7978576;8218269;0.01;-80;2;-34.91;0;-34.91;12048920;8185177;2017-09-27;15;1143429;50;7967;32;11;11;7941;2017-10-23;;;;;;1;0;2017-10-24
Isiigo;26202;;;;;41;95;13;29;62;;;6;;;;;;;;;;;;2017-09-29;17;40443246;33;95;24;23;23;42;2017-10-23;0;45;0;2017-10-24;;295;21;2017-10-24
itool.com;26203;15;15;2017-11-28;;58;98;13;65;91;1053;67;65;2398500;1083715;1157767;0.15;-60.993;2;30;0.01;30;2904341;1019992;2017-09-29;10;992854;50;53;21;21;21;53;2017-10-23;2;121;3;2017-10-24;;1075;95;2017-10-24
King;26204;75;75;2017-11-28;;65;113;17;74;95;;;24;3028097;-570271;-468490;0.09;20;3;20;0.01;20;2818430;-822725;2017-09-27;16;265991;54;11;10;10;10;11;2017-10-23;26;1806;32;2017-10-24;;4721;49;2017-10-24
Koalaboox;26205;5;5;2017-09-28;;64;102;52;59;65;1667;53;50;323131;30849;32978;1.3;-11.42;9.4;-12.07;0.28;-12.07;169037;28848;2017-09-27;18;4275527;45;62;17;16;15;56;2017-10-23;1;1537;73;2017-10-24;;307;92;2017-10-24
"Less Annoying CRM";26206;16;16;2017-11-28;;73;107;61;65;76;2106;39;60;83366;-4917;-2955;8.96;1;3.1;10;0.65;10;86797;-9113;2017-09-27;13;383043;53;197;41;42;42;167;2017-10-23;41;1566;7;2017-10-24;;645;564;2017-10-24
Liquidplanner;26207;70;70;2017-11-28;;83;128;69;73;85;2531;30;333;41808;-958;-999;21.3;-0.01;2.52;-0.4;1.25;-0.4;49745;-793;2017-09-27;14;146121;56;941;119;136;124;854;2017-10-23;180;18849;49;2017-10-24;;6826;254;2017-10-24
Sage;26208;15;15;2017-09-28;;101;137;100;82;100;2043;41;364;23217;-1318;-2085;27.9;4;11.8;0.7;7.66;0.7;9991;-506;2017-09-27;15;51932;60;37679;820;809;691;31298;2017-10-23;4386;652798;130;2017-10-24;;3349;596;2017-10-24
Logidrive;26209;15;15;2017-11-28;;52;98;0;65;87;3666;16;10;18865474;;;0.01;0;1;0;0;0;20064897;;2017-09-29;12;780326;51;8;3;3;3;8;2017-10-23;1;598;0;2017-10-24;;312;14;2017-10-24
MacFour;26210;;;;;21;0;0;25;60;;;1;;;;;;;;;;;;2017-09-29;6;53025547;31;0;1;1;1;0;2017-10-23;;;;;;;;
Malinko;26212;5;5;2017-11-28;;44;71;11;59;60;1707;41;31;354998;-36219;-52273;0.87;9;36;6;0.74;6;77752;-11400;2017-09-29;16;5944521;44;27;11;11;11;27;2017-10-23;;;;;;1001;13;2017-10-24
Maximizer;26213;154;154;2017-11-28;;79;120;43;85;99;1084;75;241;347292;-18449;-28336;1.8;8;1.8;-9.744;0.08;-9.744;471328;2773;2017-09-27;12;118254;57;404;69;73;70;283;2017-10-23;20;1319;21;2017-10-24;;14809;454;2017-10-24
MKB-logic;26214;5;5;2017-11-28;;36;0;0;59;84;;;16;18319753;;;0.01;0;2;0;0;0;16520520;;2017-09-29;16;985550;50;12;12;10;9;12;2017-10-23;;;;;;;;
Mycosuite;26216;5;5;2017-11-28;;42;69;0;61;65;;;18;8408134;2918985;3104975;0.02;-52.941;2;3;0;3;8580477;2776125;2017-09-29;9;22820862;38;667;7;6;6;644;2017-10-23;;;;;;207;0;2017-10-24
Netsuite;26217;4603;4603;2017-11-28;635794669.65;115;141;103;115;118;2707;27;3000;2540;-303;-447;275;10;7.39;-0.4;47.27;-0.4;1482;-170;2017-09-27;17;2526;70;4689;359;362;332;4133;2017-10-23;0;13091;406;2017-10-24;;20446;2431;2017-10-24
Nimble;26219;1000;1000;2017-11-28;;86;130;64;88;91;2159;38;811;69609;4495;3812;9.37;-8.042;5.85;-7.437;1.28;-7.437;48966;5736;2017-09-29;17;42048;60;1953;322;302;280;1917;2017-10-23;298;4049;26;2017-10-24;;49472;7278;2017-10-24
"Paymo Timetracking";26223;22;22;2017-11-28;;76;118;61;67;80;2178;37;95;65883;3902;6198;11.7;-12.87;3.21;15;0.88;15;67185;-1275;2017-09-29;13;176301;56;156;33;33;32;116;2017-10-23;0;1805;4;2017-10-24;;6459;97;2017-10-24
Perfectview;26225;15;15;2017-11-28;;31;0;0;69;54;1645;48;65;943779;-237418;-249018;0.49;30;2.1;-3.6;0.02;-3.6;1103331;-235296;2017-09-27;20;615568;52;122;17;18;18;98;2017-10-23;;;;;;;;
"Pipeline Deals";26226;29;29;2017-11-28;;78;121;60;73;83;2047;41;794;69692;-7125;-10467;8.13;10;11;-2.08;2.05;-2.08;32708;-2683;2017-09-29;12;193418;55;860;130;126;121;829;2017-10-23;97;10706;4;2017-10-24;;3706;1790;2017-10-24
ProAd;26228;;;;;56;104;33;28;90;324;98;41;685944;165900;135502;0.78;-27.39;1.8;-13.66;0.03;-13.66;895073;254099;2017-09-27;32;702519;51;799;98;83;80;417;2017-10-23;0;1922;10;2017-10-24;;564;24;2017-10-24
Projectfacts;26229;;;;;38;91;0;25;72;;;2;6178811;-5198169;-7268754;0.03;200;3;-48.393;0;-48.393;5397578;-2049876;2017-09-27;9;13572319;40;30;2;2;2;30;2017-10-23;0;197;1;2017-10-24;;124;1;2017-10-24
Reviso;26231;;;;;56;50;58;25;89;457;96;25;134771;-28348;-37371;4.9;30;3.3;-13.99;0.38;-13.99;133036;-13190;2017-09-27;16;234935;55;155;12;11;11;63;2017-10-23;;;;;;3;0;2017-10-24
"Salary book";26233;;;;;36;103;0;25;59;;;5;;;;;;;;;;;;2017-09-29;5;61867800;29;1;1;1;1;1;2017-10-23;0;289;0;2017-10-24;;586;33;2017-10-24
Smartsheet;26235;730;730;2017-11-28;;101;128;98;86;107;1483;60;729;2793;-200;-98;375;2.8;1.73;3.6;15.1;3.6;5056;-364;2017-09-27;21;6589;67;2558;364;356;316;2468;2017-10-23;0;11031;40;2017-10-24;;13653;5409;2017-10-24
Snelstart;26236;120;120;2017-11-28;;72;117;33;76;94;518;95;144;669874;-30882;-19384;0.64;1;3.6;10;0.05;10;605702;-61142;2017-09-27;25;50510;60;174;34;34;34;157;2017-10-23;28;2881;46;2017-10-24;;3504;1376;2017-10-24
Streamtime;26237;15;15;2017-11-28;;67;114;36;73;78;8330;1;43;447878;52913;65116;1.1;-18.46;2.9;9;0.08;9;463838;33973;2017-09-27;36;1214452;49;3440;169;182;176;2769;2017-10-23;0;593;4;2017-10-24;;6284;1008;2017-10-24
Thinx;26239;;;;;27;44;0;25;56;;;;;;;;;;;;;;;2017-09-29;1;86326371;23;0;0;0;0;0;2017-10-23;;;;;;2;0;2017-10-24
Toggl;26241;39;39;2017-11-28;;94;132;95;70;95;2546;29;639;3467;-114;-164;290;3;2.22;0;15;0;5103;-160;2017-09-29;83;13433;64;25995;4675;4086;3109;23097;2017-10-23;0;15553;3164;2017-10-24;;20350;4705;2017-10-24
Tomsplanner;26242;5;5;2017-11-28;;70;106;52;59;87;1590;56;185;124342;-1827;-4027;7.3;2;1.3;-5.674;0.23;-5.674;199373;3369;2017-09-27;13;180367;56;1035;148;138;119;986;2017-10-23;1;504;1;2017-10-24;;803;42;2017-10-24
Trello;26245;60;60;2017-11-28;;112;143;125;74;115;2173;38;4807;225;-4;-13;3,248;2.8;3.46;3;261.8;3;271;-16;2017-09-27;88;1351;72;7099295;59181;45289;26585;6420658;2017-10-23;154;89733;342;2017-10-24;;24716;18448;2017-10-24
webCRM;26246;40;40;2017-11-28;;70;107;37;81;85;956;80;74;621316;142761;115038;0.85;-25.12;2;-16.88;0.04;-16.88;773391;223800;2017-09-27;23;729639;51;916;40;38;38;496;2017-10-23;98;419;2;2017-10-24;;608;34;2017-10-24
CRM1;26248;;;;;34;57;0;25;75;;;3;10918420;6846386;7249175;0.01;-77.273;3;-20.57;0;-20.57;10094772;6478559;2017-09-29;19;4207109;45;194;22;19;16;166;2017-10-23;0;231;1;2017-10-24;;0;0;2017-10-24
"Lundalogik AB";26249;90;90;2017-11-28;;62;105;17;84;78;598;92;14;2168924;498665;472224;0.15;-28.75;2.4;-12.27;0.01;-12.27;2298038;608100;2017-09-29;10;3836717;45;2;2;2;2;2;2017-10-23;530;799;9;2017-10-24;;735;80;2017-10-24
24SevenOffice;26251;51;51;2017-06-03;;73;103;39;72;105;646;91;108;310747;75585;76500;1.6;-27.6;4.1;-15.16;0.16;-15.16;265923;83084;2017-09-27;46;177064;56;20544;732;486;432;8296;2017-10-23;17;1306;88;2017-10-24;;215;2;2017-10-24
SuperOffice;26252;250;250;2017-11-28;;85;113;62;86;99;1726;51;376;74536;-4841;-2994;10.1;1;3.32;10;0.78;10;74458;-10228;2017-09-27;25;53266;60;312;42;43;43;153;2017-10-23;0;2472;140;2017-10-24;;2251;423;2017-10-24
"Uni Micro AS";26253;;;;;56;97;27;36;94;620;86;291;852682;19075;146582;0.44;-20;4.6;80;0.05;80;674027;-237157;2017-09-27;24;26481;62;86;33;32;32;81;2017-10-23;4;1526;55;2017-10-24;;119;4;2017-10-24
"Fiken AS";26254;5;5;2017-11-28;;61;73;58;59;62;663;91;47;98650;6159;2393;6.1;-4.812;6.3;-20.15;0.89;-20.15;66209;12777;2017-09-29;34;1319119;49;1758;135;110;103;1026;2017-10-23;;;;;;227;39;2017-10-24
"Frilans Finans Sverige";26255;1500;1500;2017-11-28;;72;104;34;94;84;2997;22;67;571027;-73377;-91009;0.96;20;1.9;-11.63;0.04;-11.63;727139;-40374;2017-09-29;24;220414;55;219;36;36;31;106;2017-10-23;5;3931;62;2017-10-24;;235;74;2017-10-24
Tripletex;26256;10;10;2017-11-28;;70;107;57;63;73;1518;59;64;107677;4100;3201;6.7;-6.088;3;-1.96;0.47;-1.96;113255;6523;2017-09-27;11;267225;54;403;83;86;83;338;2017-10-23;0;4048;80;2017-10-24;;425;52;2017-10-24
Vegasmb;26257;5;5;2017-11-28;;37;35;0;59;70;;;6;;;;;;;;;;;;2017-09-27;10;15048992;40;3;3;3;3;3;2017-10-23;22;39;0;2017-10-24;;;;
"Conta Factura";26260;;;;;56;108;45;27;68;1170;71;48;344016;14709;9014;2.3;-6.215;1.1;-2.78;0.06;-2.78;593744;34009;2017-09-22;33;2317646;47;3588;360;109;98;2764;2017-10-23;0;7572;52;2017-10-24;;292;6;2017-10-24
Zubarus;26261;;;;;33;0;23;25;76;;;7;2621958;-27268;-40180;0.1;0;4;0;0.01;0;2027756;-17997;2017-09-29;11;3471965;46;13863;19;19;19;7059;2017-10-23;;;;;;;;
e-conomic;26262;154;154;2017-08-09;;66;71;62;82;53;1454;60;142;501912;178118;145314;1.3;-41.74;1.3;-8.451;0.04;-8.451;771324;283498;2017-09-22;22;404180;53;154;23;23;23;75;2017-10-23;;;;;;329;139;2017-10-24
SendRegning;26263;5;5;2017-11-28;;66;106;45;59;78;735;88;46;489792;99592;116073;1;-28.38;3.1;10;0.07;10;487984;78250;2017-09-29;10;807467;51;281;24;24;23;281;2017-10-23;23;5405;6;2017-10-24;;238;0;2017-10-24
Sliptree;26264;2;2;2017-08-09;;58;94;31;54;78;2264;35;16;2156826;655973;696482;0.15;-40.63;2.4;2;0.01;2;2265440;637629;2017-09-29;23;1035621;50;290;115;81;73;261;2017-10-23;0;931;0;2017-10-24;;75;3;2017-10-24
"Faktum Faktura";26266;;;;;33;34;6;25;77;;;2;9906220;-378326;-146919;0.02;0;2;10;0;10;10286445;-808754;2017-09-27;11;5191016;44;5;4;4;4;5;2017-10-23;0;21;0;2017-10-24;;;;
Compello;26267;30;30;2017-11-28;;57;46;34;75;80;4102;11;43;853496;-43638;-45531;0.66;6;1.3;-2.99;0.02;-2.99;1263842;-43472;2017-09-27;14;524086;52;39;6;6;6;7;2017-10-23;107;1874;29;2017-10-24;;;;
EHFportal;26268;;;;;24;0;0;25;70;;;4;6737643;1412489;1840107;0.03;-38.89;2;20;0;20;6538945;927157;2017-09-29;10;10207233;42;3;3;3;3;3;2017-10-23;;;;;;;;
Evolumi;26269;5;5;2017-11-28;;46;91;0;59;71;;;4;12416906;5045988;4894723;0.01;-54.545;2;-22.11;0;-22.11;13207117;5508931;2017-09-29;7;9896702;42;0;0;0;0;0;2017-10-23;0;54;1;2017-10-24;;129;30;2017-10-24
B2B;26270;;;;;35;73;0;25;70;;;7;15100819;-2024944;-10501782;0.01;100;1;-90.876;0;-90.876;17273021;8806922;2017-09-29;8;11088684;41;23;6;7;7;10;2017-10-23;0;38;0;2017-10-24;;15;0;2017-10-24
Upsales;26271;15;15;2017-11-28;;63;66;51;65;77;2194;37;32;660093;188425;238563;0.59;-37.28;5.6;9;0.08;9;469495;115312;2017-09-27;20;666938;51;59;20;18;18;59;2017-10-23;;;;;;240;51;2017-10-24
Zervant;26272;23;23;2017-11-28;;80;117;68;71;84;1294;67;159;54548;-5479;-6202;14.9;9;2.98;-1.65;1.03;-1.65;58571;-4541;2017-09-27;11;330600;54;103;41;40;40;103;2017-10-23;2;4766;2;2017-10-24;;1706;715;2017-10-24
Firmify;26273;150;150;2017-11-28;;57;100;14;79;71;1554;56;15;1796375;-144035;-97583;0.17;5;4.2;20;0.02;20;1455822;-245226;2017-09-29;11;2027738;48;3;3;3;3;3;2017-10-23;0;2698;21;2017-10-24;;80;56;2017-10-24
Frifaktura;26274;;;;;23;0;0;25;66;582;93;13;10496127;2064898;3636844;0.01;-50;3;100;0;100;9191550;-438640;2017-09-29;10;20430504;38;5;4;4;4;5;2017-10-23;;;;;;;;
Faktura24;26275;;;;;25;0;0;25;74;;;10;;;;;;;;;;;;2017-09-29;11;5521703;44;4;4;4;4;4;2017-10-23;;;;;;;;
Pagero;26276;75;75;2017-04-22;;46;107;0;74;47;574;91;24;4281259;-1055088;-684754;0.06;20;2;30;0;30;4502673;-1534270;2017-09-29;12;719592;51;17;4;4;4;5;2017-10-23;70;549;21;2017-10-24;;773;105;2017-10-24
Billogram;26277;21;21;2017-11-28;;69;114;49;67;75;937;81;38;156876;-29288;-36487;3.5;20;5.8;0.7;0.48;0.7;111149;-20218;2017-09-27;40;621090;52;2583;227;233;211;2154;2017-10-23;60;10588;8;2017-10-24;;1220;186;2017-10-24
SpeedLedger;26278;65;65;2017-11-28;;68;106;41;78;73;1839;47;66;428139;-37363;-30334;1.4;7;1.8;5;0.06;5;572146;-60175;2017-09-27;13;354724;53;181;35;34;32;181;2017-10-23;0;4927;15;2017-10-24;;458;9;2017-10-24
OnePageCRM;26280;20;20;2017-11-28;;79;118;68;67;84;2273;35;162;61873;-7850;-8719;10;10;7.9;10;1.84;10;35929;-6886;2017-09-27;14;154582;56;828;84;83;81;680;2017-10-23;0;1419;4;2017-10-24;;6984;1693;2017-10-24
Xero;26281;1970;1970;2017-11-28;;112;143;105;107;111;1725;51;2310;2114;-247;-310;308;7.3;9;2;64.42;2;1080;-110;2017-09-27;32;2541;70;8108;1110;1019;873;7817;2017-10-23;0;136007;3450;2017-10-24;;46396;9675;2017-10-24
invoice2go;26282;100;100;2017-11-28;;79;81;72;79;87;2740;26;78;50883;-13542;-7514;14.7;12;4.24;62;1.45;62;43946;-29959;2017-09-27;55;113053;57;6810;1237;959;860;4771;2017-10-23;;;;;;2114;57;2017-10-24
"Genius Project";26284;10;10;2017-11-28;;63;98;25;72;89;2465;30;81;759252;-17855;1524;0.66;-2.39;1.9;10;0.03;10;941264;-68845;2017-09-27;22;978915;50;1018;27;26;26;569;2017-10-23;0;84;1;2017-10-24;;520;129;2017-10-24
"CRM Portalen AB";26286;5;5;2017-11-28;;40;28;26;63;46;749;86;4;3075064;1686945;1799206;0.09;-65.263;3;-12.54;0.01;-12.54;2845099;1590594;2017-09-29;11;1168092;49;8;3;3;3;8;2017-10-23;;;;;;0;0;2017-10-24
Apptivo;26287;201;201;2017-11-28;;79;125;54;83;83;3821;14;289;174155;21518;27311;3.2;-17.61;4.9;4;0.37;4;137060;14653;2017-09-29;10;356011;53;932;76;84;81;892;2017-10-23;0;3683;8;2017-10-24;;18575;46;2017-10-24
OpenCRM;26288;15;15;2017-09-28;;64;110;35;67;74;3249;19;61;436056;74727;71466;1.3;-22.56;2;-0.493;0.06;-0.493;546144;92573;2017-09-29;37;893029;50;19284;384;166;152;11316;2017-10-23;4;146;22;2017-10-24;;2787;268;2017-10-24
Intouch;26289;10;10;2017-11-28;;71;112;49;65;84;2486;30;113;482881;-29763;-32250;1.5;8;1.1;-4.42;0.04;-4.42;807863;-29160;2017-09-27;23;1010313;50;193;26;27;27;163;2017-10-23;0;494;4;2017-10-24;;6281;1243;2017-10-24
Bullhorn;26290;650;650;2017-11-28;;90;124;65;97;100;1795;49;434;66306;-5689;-9446;13;14;2.25;-16.97;0.68;-16.97;83220;2628;2017-09-27;12;59451;59;50780;118;122;119;50555;2017-10-23;225;2159;5;2017-10-24;;14583;1745;2017-10-24
Accelo;26292;;;;;51;13;60;31;83;3163;20;41;102284;12522;6196;6.2;-8.757;4.8;-30.22;0.69;-30.22;81819;25012;2017-09-27;12;192841;55;166;32;32;32;78;2017-10-23;;;;;;;;
"Gold-Vision CRM";26293;30;30;2017-11-28;;54;100;0;73;84;;;24;2171385;-361929;-359544;0.15;20;2.4;4;0.01;4;2271323;-404601;2017-09-27;10;771031;51;19;5;5;5;10;2017-10-23;0;45;1;2017-10-24;;1419;496;2017-10-24
Teamgate;26294;15;15;2017-11-28;;75;122;48;70;89;1655;54;39;245513;30391;40073;2.1;-18.53;5;9;0.24;9;189316;15531;2017-09-27;12;174566;56;76;24;24;24;75;2017-10-23;1;2160;15;2017-10-24;;1272;1688;2017-10-24
Freshsales;26295;990;990;2017-11-28;;88;98;75;100;87;3050;22;42;63522;-12301;-11984;9.03;13;11.1;31;2.33;31;29323;-12452;2017-09-27;12;316526;54;207;26;26;26;202;2017-10-23;41;1024;64;2017-10-24;;40;16;2017-10-24
"Intuit QuickBooks";26296;9700;9700;2017-11-28;4441089450;123;134;118;116;132;7336;9;12417;430;56;65;1,682;-13.68;3.35;-13.88;131.2;-13.88;508;115;2017-09-27;85;982;73;1085892;18878;14116;9412;356929;2017-10-23;0;224218;484;2017-10-24;;4346;432;2017-10-24
Invoiced;26297;5;5;2017-11-28;;71;111;55;59;81;2663;27;38;119661;-12441;-11175;5.4;8;4;10;0.5;10;106143;-16272;2017-09-27;40;318172;54;1179;187;227;215;781;2017-10-23;8;151;1;2017-10-24;;2024;1790;2017-10-24
InvoiceBerry;26300;5;5;2017-11-28;;75;125;59;59;84;1454;61;208;133031;-10052;-15558;5.8;10;2;-14.59;0.27;-14.59;173346;3089;2017-09-27;26;302719;54;487;61;57;56;233;2017-10-23;0;21420;85;2017-10-24;;12215;5239;2017-10-24
"Paper Free Billing";26301;;;;;34;82;0;25;64;;;14;;;;;;;;;;;;2017-09-29;5;31795253;35;0;0;0;0;0;2017-10-23;;;;;;3088;2;2017-10-24
Invoicera;26302;10;10;2017-11-28;;71;121;45;63;86;882;83;300;326091;9004;-9452;1.6;0.9;3.6;-21.55;0.13;-21.55;300361;47375;2017-09-27;10;603111;52;632;63;65;62;632;2017-10-23;0;5441;2;2017-10-24;;7635;891;2017-10-24
"Clear Books";26303;26;26;2017-11-28;;80;130;60;70;88;1434;62;133;86201;15254;21824;6.2;-23.15;12;3;1.73;3;37794;6478;2017-09-27;14;95092;58;451;65;65;59;394;2017-10-23;43;26116;43;2017-10-24;;4120;416;2017-10-24
Invoicely;26304;;;;;49;0;62;25;86;7201;2;34;77654;-7701;-8389;8.49;8;5.17;5;1.02;5;59143;-7190;2017-09-27;47;166184;56;1792;455;433;390;1638;2017-10-23;;;;;;;;
Crunch;26305;160;160;2017-11-28;;82;125;61;80;88;1547;57;203;78251;4036;2740;8.31;-5.837;5.4;-10.56;1.05;-10.56;57868;6993;2017-09-27;31;70280;59;555;77;79;79;235;2017-10-23;23;2703;73;2017-10-24;;17699;1613;2017-10-24
OneBizz;26306;15;15;2017-11-28;;50;95;0;65;80;;;19;13694977;6615370;8396162;0.01;-76.923;3;100;0;100;11509354;3204694;2017-09-27;11;2701563;47;11;3;3;3;10;2017-10-23;6;223;0;2017-10-24;;111;28;2017-10-24
SmarterCRM;26307;;;;;31;45;0;25;74;;;1;;;;;;;;;;;;2017-09-29;10;5723271;44;35;5;4;4;15;2017-10-23;13;686;6;2017-10-24;;;;
SimplyCRM;26308;;;;;35;42;9;25;77;;;1;13244561;3819372;5318629;0.01;-50;2;70;0;70;12126362;1229263;2017-09-27;14;8386731;43;308;10;9;9;163;2017-10-23;0;551;0;2017-10-24;;;;
SkyViewCRM;26309;;;;;31;58;0;25;64;;;;;;;;;;;;;;;2017-09-29;9;27732440;36;133;1;1;1;133;2017-10-23;;;;;;111;0;2017-10-24
"Clickmate CRM";26310;;;;;35;83;0;25;64;;;4;;;;;;;;;;;;2017-09-29;10;32717847;35;603;3;4;4;33;2017-10-23;0;56;0;2017-10-24;;32;0;2017-10-24
UniCRM;26311;;;;;26;0;0;25;79;;;2;;;;;;;;;;;;2017-09-29;13;2355768;47;6;5;5;5;6;2017-10-23;;;;;;;;
ChannelCRM;26312;5;5;2017-11-28;;44;77;0;59;73;;;5;;;;;;;;;;;;2017-09-29;12;6361540;44;13;6;5;5;8;2017-10-23;0;108;0;2017-10-24;;16;4;2017-10-24
Boxus;26313;;;;;24;0;0;25;72;;;2;;;;;;;;;;;;2017-09-29;9;8628865;42;56;2;2;2;56;2017-10-23;;;;;;;;
hurtigfaktura.dk;26314;;;;;23;0;0;25;66;;;1;2488217;-406426;-542506;0.11;20;3.8;-13.33;0.01;-13.33;2090853;-154738;2017-09-29;7;19432905;38;1;1;1;1;1;2017-10-23;;;;;;;;
FakturaService.dk;26316;5;5;2017-11-28;;41;40;25;59;46;519;92;8;3130489;25010;-52006;0.1;0;1.8;-8.081;0;-8.081;3623827;148707;2017-09-27;27;2771090;47;246;77;76;56;178;2017-10-23;;;;;;2;0;2017-10-24
Epay;26317;;;;;44;0;42;28;91;624;92;224;268042;-72382;-100590;2.2;43;2.8;-24.53;0.14;-24.53;286885;-22947;2017-09-27;22;41900;60;11051;85;86;83;6106;2017-10-23;;;;;;;;
Sproom;26318;13;13;2017-11-28;;42;13;12;64;80;891;72;19;1660352;190385;221915;0.19;-16.87;4.3;-1.36;0.02;-1.36;1317221;154733;2017-09-27;22;482145;52;54;27;26;26;42;2017-10-23;;;;;;;;
Fakturanet;26319;;;;;21;0;0;25;58;;;5;;;;;;;;;;;;2017-09-29;6;40046831;34;1;1;1;1;1;2017-10-23;;;;;;;;
B2Brouter;26320;;;;;49;76;50;25;55;781;87;33;273755;-70826;-96851;1.6;30;8.3;-5.017;0.31;-5.017;154940;-32154;2017-09-27;12;3393150;46;173;21;20;20;154;2017-10-23;;;;;;1033;164;2017-10-24
Ibistic;26321;20;20;2017-11-28;;43;67;13;67;49;;;8;4099629;-1291814;-1210574;0.09;40;1;0;0;0;5806885;-1617871;2017-09-27;23;2785327;47;363;94;92;79;217;2017-10-23;;;;;;107;458;2017-10-24
Billy;26322;5;5;2017-11-28;;72;109;57;65;79;1826;47;41;364780;-24227;-17511;1.4;3;3.5;10;0.11;10;344733;-41357;2017-09-22;18;295865;54;234;47;46;40;233;2017-10-23;37;8124;174;2017-10-24;;451;52;2017-10-24
Dinero;26323;20;20;2017-11-28;;77;117;66;67;79;1325;66;512;78498;-16293;-20667;7.43;21;8.48;2;1.47;2;43428;-9511;2017-09-29;48;162267;56;130393;553;525;403;116738;2017-10-23;63;18025;239;2017-10-24;;1237;32;2017-10-24
"Antura AB";26324;;;;;24;0;0;33;63;;;2;;;;;;;;;;;;2017-09-29;7;33110916;35;1;1;1;1;1;2017-10-23;;;;;;;;
EazyProject;26325;;;;;34;60;0;25;75;;;2;4631373;1806306;1636229;0.06;-46.34;2;-26.75;0;-26.75;5337034;2345696;2017-09-27;11;6895437;43;4;4;4;4;4;2017-10-23;;;;;;128;0;2017-10-24
"ValueFrame Oy";26327;30;30;2017-11-28;;56;95;37;69;46;1531;47;31;386777;-202089;-216583;1.1;60;6.6;30;0.17;30;251730;-195308;2017-09-29;20;1549553;49;74;20;20;20;37;2017-10-23;1;116;1;2017-10-24;;256;2;2017-10-24
"Isolta Invoicing";26328;14;14;2017-08-09;;54;58;34;65;72;1603;55;27;510805;34877;37262;1.1;-10.94;2.1;3;0.05;3;626345;32974;2017-09-27;13;15976491;40;61;9;8;8;34;2017-10-23;;;;;;34;0;2017-10-24
Laskutuspohja;26329;;;;;28;0;13;25;68;;;6;2021295;254355;231320;0.16;-15.94;3;-10.15;0.01;-10.15;1916903;319010;2017-09-29;13;14929429;40;10;8;8;8;10;2017-10-23;;;;;;;;
"Merit Aktiva";26330;;;;;42;88;25;25;56;905;82;19;1186971;196725;261126;0.29;-25.52;4.3;10;0.03;10;958198;95837;2017-09-29;16;3662802;46;47;11;10;10;24;2017-10-23;0;1199;13;2017-10-24;;24;0;2017-10-24
Joiqu;26331;;;;;46;102;21;29;67;;;3;5809090;2131488;2439346;0.04;-54.545;2;30;0;30;6194646;1652967;2017-09-29;9;16262896;39;3;2;2;2;3;2017-10-23;0;91;0;2017-10-24;;813;2059;2017-10-24
PlanMill;26332;5;5;2017-11-28;;55;100;34;59;55;1091;75;43;602183;130813;127523;0.78;-25.77;3;-9.851;0.05;-9.851;604033;153216;2017-09-27;20;4519318;45;89;21;20;20;64;2017-10-23;13;29;2;2017-10-24;;3112;89;2017-10-24
Wave;26445;150;150;2017-11-28;;97;130;94;77;102;3468;17;282;5027;-868;-1031;154;14;5.98;6.4;21.49;6.4;3547;-773;2017-09-27;26;21356;63;1849;420;396;349;1804;2017-10-23;0;13563;272;2017-10-24;;16470;2274;2017-10-24
AFAS;81783;420;420;2017-11-28;;79;126;44;91;89;;;11;6992480;3345675;3692126;0.03;-63.636;2;20;0;20;7617427;3083635;2017-09-29;14;9092109;42;14;8;8;8;14;2017-10-23;4874;4343;40;2017-10-24;;13410;745;2017-10-24
"EBP Belgium";81846;;;;;26;0;11;13;75;;;19;1833420;-1334831;-1156293;0.19;80;2.6;50;0.01;50;1862635;-1815571;2017-09-29;10;4055456;45;2;2;2;2;2;2017-10-23;;;;;;;;
"Intuit Canada ULC";81896;;;;4441089450;70;91;71;29;99;1828;47;802;39883;23317;19605;23.4;-55.523;2.22;-42.19;1.21;-42.19;51285;35516;2017-09-27;14;38026;61;793;114;116;116;744;2017-10-23;;;;;;11542;4029;2017-10-24
"Wolters Kluwer";84703;17810;17810;2017-11-28;4015930411.5;100;129;76;116;100;1101;75;905;63219;633;1326;12.2;-5.156;3.4;7;0.95;7;62547;-1648;2017-09-27;16;12526;64;8124758;4418;3525;2946;8020370;2017-10-23;0;21402;105;2017-10-24;;7597;1202;2017-10-24
Bouw365;89638;;;;;28;60;0;13;63;;;2;;;;;;;;;;;;2017-09-29;5;37263801;34;0;0;0;0;0;2017-10-23;;;;;;76;2;2017-10-24
Akti;91154;5;5;2017-11-28;;45;119;0;59;51;;;9;3749078;-2104002;-1977723;0.07;80;2;20;0;20;3881986;-2288813;2017-09-27;28;1547475;49;9351;85;80;75;4959;2017-10-23;0;3364;0;2017-10-24;;922;796;2017-10-24
"UNIT4 AS";91664;4300;4300;2017-11-28;555171353.1;92;116;55;103;117;1604;55;383;178085;-22673;-21463;4.2;10;1.8;0;0.18;0;241296;-30559;2017-09-27;12;26105;62;292;58;61;60;203;2017-10-23;165;2238;11;2017-10-24;;5525;942;2017-10-24
Rodeo;93916;;;;;41;50;23;25;80;;;2;9869989;1894694;2137463;0.02;-33.33;1;10;0;10;11457167;1572895;2017-09-27;14;5106045;44;64;13;13;12;36;2017-10-23;2;1886;6;2017-10-24;;;;
Billonline;95360;;;;;30;67;0;13;69;;;1;8352451;4198071;4644271;0.02;-63.636;3;1;0;1;7276192;3498536;2017-09-29;8;21279369;38;2;2;2;2;2;2017-10-23;;;;;;171;141;2017-10-24
"Syneton Bvba";95361;15;15;2017-11-28;;52;103;0;65;82;;;26;;;;;;;;;;;;2017-09-29;11;1287076;49;2;2;2;2;2;2017-10-23;527;360;36;2017-10-24;;631;84;2017-10-24
"AND CO";112369;11;11;2017-11-28;;65;55;55;65;85;3006;22;54;79255;-6252;-2573;10;0.8;2.6;20;0.6;20;91712;-15774;2017-09-29;18;229042;55;207;74;78;72;195;2017-10-23;0;13884;64;2017-10-24;;;;
EspoCRM;112512;5;5;2017-11-28;;61;45;46;59;93;2885;24;182;416130;-13130;-19112;1.3;3;2.9;-4.68;0.08;-4.68;437382;-407;2017-10-02;12;90663;58;150;28;28;28;105;2017-10-23;0;780;2;2017-10-24;;;;
Streak;112981;20;20;2017-11-28;;120;50;184;76;117;1891;45;405;76147;2556;2321;12.4;-7.016;1.6;1;0.45;1;115201;4187;2017-10-03;18;72161;59;584;211;222;204;583;2017-10-23;45;3669;6;2017-10-24;;;;
Close.io;112988;27;27;2017-11-28;;73;50;75;68;88;2243;35;496;28155;828;1767;22.1;-8.2;13;16;6.68;16;11280;-852;2017-10-03;55;68562;59;13670;1042;1028;881;6654;2017-10-23;0;3552;3488;2017-10-24;;;;
weclapp;113025;5;5;2017-11-28;;62;55;56;59;81;1732;50;56;118074;2310;2168;5.3;-4.36;4.4;-1.79;0.54;-1.79;99480;3563;2017-10-04;12;187165;55;83;28;28;27;81;2017-10-23;18;13738;152;2017-10-24;;;;
Lexware;113027;;;;;58;53;66;13;97;1226;69;477;72175;-1508;-1113;10.7;-1.35;3;4;0.76;4;75936;-2694;2017-10-04;13;16490;63;5009;86;79;74;4843;2017-10-23;0;14408;117;2017-10-24;;;;
http://adventor.no/;113030;;;;;22;13;0;25;56;;;1;;;;;;;;;;;;2017-10-04;3;92627552;21;2;2;2;2;2;2017-10-23;;;;;;;;
onFact;165247;;;;;33;44;23;27;46;;;6;3028532;1066287;1188787;0.09;-46.03;3;4;0.01;4;2819856;905995;2017-10-17;13;1578516;49;44;23;21;16;43;2017-10-23;0;320;0;2017-10-24;;;;
Hatchbuck;170447;20;20;2017-11-28;;67;55;61;67;85;1756;50;219;90130;-5900;-8315;7.4;7;4.5;-4.71;0.76;-4.71;75451;-1993;2017-09-26;12;144982;56;329;67;73;71;311;2017-09-26;4;21342;180;2017-10-24;;;;
Salesflare;170466;6;6;2017-11-28;;70;114;57;60;73;;;;;;;;;;;;;;;;;;;;;;;;;0;943;23;2017-10-24;;759;629;2017-10-24
Flowdeck;170467;2;2;2017-11-02;;14;0;0;54;0;;;;;;;;;;;;;;;;;;;;;;;;;;;;;;;;
Contactually;170468;80;80;2017-11-28;;71;56;66;74;87;3621;15;432;56642;-1484;-2264;12.8;1;4.5;-1.75;1.34;-1.75;47057;-419;2017-09-26;14;61714;59;1678;248;256;248;1632;2017-09-26;172;19489;116;2017-10-24;;;;
Axonaut;170469;;;;;40;45;42;25;50;;;;;;;;;;;;;;;;;;;;;;;;;0;0;0;2017-10-24;;;;
Gripp;170470;;;;;49;100;40;28;50;;;;;;;;;;;;;;;;;;;;;;;;;0;0;0;2017-10-24;;300;3;2017-10-24
Holded;170472;5;5;2017-11-28;;61;49;66;62;62;;;;;;;;;;;;;;;;;;;;;;;;;0;0;0;2017-10-24;;;;
CentralStationCRM;170473;;;;;35;45;6;25;80;;;;;;;;;;;;;;;;;;;;;;;;;0;0;0;2017-10-24;;;;
Ionprojects;170540;5;5;2017-11-28;;42;36;0;65;83;;;;;;;;;;;;;;;;;;;;;;;;;0;0;0;2017-10-24;;;;
AGYcrm;170543;1;99;2017-11-07;;39;40;0;71;62;;;;;;;;;;;;;;;;;;;;;;;;;0;0;0;2017-10-24;;;;
Bluejet;170545;;;;;31;39;0;13;88;;;;;;;;;;;;;;;;;;;;;;;;;0;0;0;2017-10-24;;;;
Fakturoid;170546;5;5;2017-11-28;;58;49;50;59;75;;;;;;;;;;;;;;;;;;;;;;;;;0;0;0;2017-10-24;;;;
Freelo;170547;3;3;2017-11-07;;40;16;32;56;49;;;;;;;;;;;;;;;;;;;;;;;;;;;;;;;;
GroupCamp;170548;10;10;2017-11-28;;54;41;33;63;82;;;;;;;;;;;;;;;;;;;;;;;;;0;0;0;2017-10-24;;;;
"Hypos CRM";170549;5;5;2017-11-28;;34;13;0;59;69;;;;;;;;;;;;;;;;;;;;;;;;;;;;;;;;
Innone;170550;;;;;29;13;17;13;71;;;;;;;;;;;;;;;;;;;;;;;;;;;;;;;;
"Intouch CRM";170551;;;;;25;0;21;25;46;;;;;;;;;;;;;;;;;;;;;;;;;;;;;;;;
"RAYNET s.r.o.";170552;5;5;2017-11-28;;47;48;19;59;73;;;;;;;;;;;;;;;;;;;;;;;;;0;0;0;2017-10-24;;;;
"CRM Service";170553;20;20;2017-11-28;;41;0;13;71;75;;;5;3308544;-176600;-39153;0.11;-2.44;1;10;0;10;4452237;-479412;2017-08-18;11;6008508;44;51;18;17;16;48;2017-08-18;;;;;;;;
Sz√°mlahegy;170556;;;;;33;39;12;25;70;;;;;;;;;;;;;;;;;;;;;;;;;0;0;0;2017-10-24;;;;
ConnectWise;170558;810;810;2017-11-28;;90;128;65;97;97;1989;42;362;69832;-19929;-22219;11.1;33;3.08;-3.75;0.8;-3.75;72930;-17814;2017-09-22;13;86208;58;884;104;102;98;754;2017-09-29;517;15377;207;2017-10-24;;8253;1951;2017-10-24
Resco.net;170567;10;10;2017-11-28;;58;47;32;67;94;;;;;;;;;;;;;;;;;;;;;;;;;0;0;0;2017-10-24;;;;
noCRM.io;170569;5;5;2017-11-28;;61;13;67;65;80;;;;;;;;;;;;;;;;;;;;;;;;;;;;;;;;
360ksiegowosc;170570;;;;;39;53;27;25;60;;;;;;;;;;;;;;;;;;;;;;;;;0;0;0;2017-10-24;;;;
Bugilo;170575;5;5;2017-11-28;;37;42;0;59;65;;;;;;;;;;;;;;;;;;;;;;;;;0;0;0;2017-10-24;;;;
Chmiuro;170576;;;;;39;43;25;25;70;;;;;;;;;;;;;;;;;;;;;;;;;0;0;0;2017-10-24;;;;
"CRM Vision";170577;;;;;37;40;17;25;77;;;;;;;;;;;;;;;;;;;;;;;;;0;0;0;2017-10-24;;;;
Fakturownia;170650;30;30;2017-11-28;;68;50;68;69;78;;;;;;;;;;;;;;;;;;;;;;;;;0;0;0;2017-10-24;;;;
Firmao;170752;5;5;2017-11-28;;50;43;35;59;68;;;;;;;;;;;;;;;;;;;;;;;;;0;0;0;2017-10-24;;;;
"Streamsoft Firmino";170807;;;;;45;44;46;25;63;;;;;;;;;;;;;;;;;;;;;;;;;0;0;0;2017-10-24;;;;
iFirma;170874;30;30;2017-11-28;;69;51;73;69;74;;;;;;;;;;;;;;;;;;;;;;;;;0;0;0;2017-10-24;;;;
"Jelly CRM";171036;;;;;26;13;0;25;71;;;;;;;;;;;;;;;;;;;;;;;;;;;;;;;;
Livespace;171168;;;;;48;51;48;25;70;;;;;;;;;;;;;;;;;;;;;;;;;0;0;0;2017-10-24;;;;
Merito;171169;5;5;2017-11-28;;34;0;0;59;79;;;;;;;;;;;;;;;;;;;;;;;;;;;;;;;;
miniCRM;171170;;;;;30;49;13;25;46;;;;;;;;;;;;;;;;;;;;;;;;;0;0;0;2017-10-24;;;;
Sugester;171172;2;2;2017-11-28;;52;38;32;54;89;;;;;;;;;;;;;;;;;;;;;;;;;0;0;0;2017-10-24;;;;
"Trade Assistant";171173;;;;;28;41;0;25;64;;;;;;;;;;;;;;;;;;;;;;;;;0;0;0;2017-10-24;;;;
Sirocco;171174;5;5;2017-11-28;;43;45;9;65;69;;;;;;;;;;;;;;;;;;;;;;;;;0;0;0;2017-10-24;;;;
FileMaker;171183;320;320;2017-11-28;;84;53;75;82;117;;;;;;;;;;;;;;;;;;;;;;;;;0;0;0;2017-10-24;;;;
"Jira Software";171184;2420;2420;2017-11-28;;121;142;122;107;121;1829;47;9023;1330;-76;-108;635;5.8;2.67;-5.986;39.52;-5.986;1811;-11;2017-09-22;55;999;73;207611;1773;1670;1481;124189;2017-09-29;4018;160927;2823;2017-10-24;;14765;4654;2017-10-24
"Microsoft Dynamics";171190;124000;124000;2017-11-28;77163607500;144;153;143;124;159;;;;;;;;;;;;;;;;;;;;;;;;;0;0;0;2017-10-24;;;;
"MoCo Software Solutions";171191;5;5;2017-11-28;;38;40;0;59;69;;;;;;;;;;;;;;;;;;;;;;;;;0;0;0;2017-10-24;;;;
Octopus;171192;30;30;2017-11-28;;51;15;26;73;87;;;;;;;;;;;;;;;;;;;;;;;;;;;;;;;;
QuoJob;171194;;;;;31;16;24;32;50;;;;;;;;;;;;;;;;;;;;;;;;;;;;;;;;
Reeleezee;171200;30;30;2017-11-28;;55;43;26;69;92;;;;;;;;;;;;;;;;;;;;;;;;;0;0;0;2017-10-24;;;;
Azets;172267;;;;;44;48;47;13;71;;;;;;;;;;;;;;;;;;;;;;;;;0;0;0;2017-10-24;;;;
Accountor;172269;2300;2300;2017-11-28;;65;0;53;96;92;;;;;;;;;;;;;;;;;;;;;;;;;;;;;;;;
Revolver;172424;1;20;2017-11-10;;42;43;0;63;79;;;;;;;;;;;;;;;;;;;;;;;;;0;0;0;2017-10-24;;;;
Timewax;172539;5;5;2017-11-28;;49;34;34;59;70;;;;;;;;;;;;;;;;;;;;;;;;;0;0;0;2017-10-24;;;;
"Todoist Business";172645;53;53;2017-11-10;;81;57;97;59;97;;;;;;;;;;;;;;;;;;;;;;;;;0;0;0;2017-10-24;;;;
Wordpress;172711;1261;1261;2017-11-28;;107;13;120;98;154;;;;;;;;;;;;;;;;;;;;;;;;;;;;;;;;
"Zero bs CRM";172745;;;;;36;36;23;13;80;;;;;;;;;;;;;;;;;;;;;;;;;0;0;0;2017-10-24;;;;
amoCRM;173171;30;30;2017-11-28;;64;48;52;69;86;;;;;;;;;;;;;;;;;;;;;;;;;0;0;0;2017-10-24;;;;
"ING Invoice Solutions";173173;4680;4680;2017-11-28;;86;57;85;96;94;1163;72;533;10379;-232;-203;81.4;0.7;4.5;0.9;8.53;0.9;9042;-131;2017-09-22;15;32931;61;1553;152;142;136;1451;2017-09-29;0;67392;867;2017-10-24;;;;
InvoiceOcean;173175;5;5;2017-11-28;;62;49;57;61;78;;;;;;;;;;;;;;;;;;;;;;;;;0;0;0;2017-10-24;;;;
Tapwater;202192;;;;;38;13;47;13;68;;;;;;;;;;;;;;;;;;;;;;;;;;;;;;;;
Nutcache;202202;5;5;2017-11-29;;63;54;57;59;83;;;;;;;;;;;;;;;;;;;;;;;;;0;0;0;2017-10-24;;;;
Nutshell;202203;35;35;2017-11-29;;68;50;66;70;79;;;;;;;;;;;;;;;;;;;;;;;;;0;0;0;2017-10-24;;;;
"Founders Fund";202205;30;30;2017-11-29;;58;13;46;69;91;;;;;;;;;;;;;;;;;;;;;;;;;;;;;;;;
"OCA Ventures";202206;30;30;2017-11-29;;36;13;17;69;46;;;;;;;;;;;;;;;;;;;;;;;;;;;;;;;;
"I2A Fund";202207;30;30;2017-11-29;;31;0;0;56;69;;;;;;;;;;;;;;;;;;;;;;;;;;;;;;;;
"Index Ventures";202208;70;70;2017-11-29;;82;127;61;73;93;;;;;;;;;;;;;;;;;;;;;;;;;0;3017;1;2017-10-24;;3509;884;2017-10-24
"Social Capital";202209;50;50;2017-11-29;;60;46;43;71;82;;;;;;;;;;;;;;;;;;;;;;;;;0;0;0;2017-10-24;;;;
"RRE Ventures";202210;30;30;2017-11-29;;57;43;33;69;87;;;;;;;;;;;;;;;;;;;;;;;;;0;0;0;2017-10-24;;;;
"Tenaya Capital";202211;10;10;2017-11-29;;36;0;0;63;83;;;;;;;;;;;;;;;;;;;;;;;;;;;;;;;;
Billomat;202212;5;5;2017-11-29;;58;51;47;59;79;;;;;;;;;;;;;;;;;;;;;;;;;0;0;0;2017-10-24;;;;
"Emergence Capital";202213;30;30;2017-11-29;;49;13;30;69;78;;;;;;;;;;;;;;;;;;;;;;;;;;;;;;;;
"Cloud Apps Capital Partners";202214;5;5;2017-11-29;;32;13;0;46;73;;;;;;;;;;;;;;;;;;;;;;;;;;;;;;;;
"Sofinnova Ventures";202215;30;30;2017-11-29;;36;13;0;69;68;;;;;;;;;;;;;;;;;;;;;;;;;;;;;;;;
"Rembrandt Venture Partners";202217;10;10;2017-11-29;;40;0;13;63;79;;;;;;;;;;;;;;;;;;;;;;;;;;;;;;;;
"Bessemer Venture Partners";202218;140;140;2017-11-29;;71;94;42;77;94;;;;;;;;;;;;;;;;;;;;;;;;;;;;;;7789;5418;2017-10-24
Atomico;202219;20;20;2017-11-29;;67;47;56;67;96;;;;;;;;;;;;;;;;;;;;;;;;;;;;;;1;0;2017-10-24
"Storm Ventures";202220;15;15;2017-11-29;;56;46;34;65;83;;;;;;;;;;;;;;;;;;;;;;;;;0;0;0;2017-10-24;;;;
Scopevisio;202221;30;30;2017-11-29;;55;48;28;69;86;;;;;;;;;;;;;;;;;;;;;;;;;0;0;0;2017-10-24;;;;
"Goldman Sachs";202222;48140;48140;2017-11-29;32349523500;93;98;72;109;104;;;;;;;;;;;;;;;;;;;;;;;;;;;;;;7915;5;2017-10-24
"Walden Venture Capital";202224;5;5;2017-11-29;;35;13;0;59;75;;;;;;;;;;;;;;;;;;;;;;;;;;;;;;;;
DFJ;202225;180;180;2017-11-29;;66;49;40;78;100;;;;;;;;;;;;;;;;;;;;;;;;;0;0;0;2017-10-24;;;;
NEA;202226;140;140;2017-11-29;;65;48;44;77;93;;;;;;;;;;;;;;;;;;;;;;;;;218;4062;33;2017-10-24;;;;
dapulse;202227;90;90;2017-11-29;;78;62;84;75;85;;;;;;;;;;;;;;;;;;;;;;;;;0;0;0;2017-10-24;;;;
Kayako;202228;80;80;2017-11-29;;83;52;83;74;111;;;;;;;;;;;;;;;;;;;;;;;;;0;0;0;2017-10-24;;;;
Swisscom;202229;11220;11220;2017-11-29;10035901365;100;110;87;104;110;;;;;;;;;;;;;;;;;;;;;;;;;3960;294214;2376;2017-10-24;;48;0;2017-10-24
"ARMADA Investment AG";202230;5;5;2017-11-29;;39;0;13;59;80;;;;;;;;;;;;;;;;;;;;;;;;;;;;;;;;
Float;202237;;;;;44;13;52;25;70;;;;;;;;;;;;;;;;;;;;;;;;;;;;;;;;
Onlinefact;202242;;;;;31;41;0;25;75;;;;;;;;;;;;;;;;;;;;;;;;;0;0;0;2017-10-24;;;;
Allegro;202246;5;5;2017-11-30;;43;38;0;59;89;;;13;3915009;-7446297;-6166200;0.08;200;2;100;0;100;4083809;-9472617;2017-03-31;;;;;;;;;;6;120;3;2017-10-24;;;;
Apollo;202247;;;;;44;42;29;25;85;;;;;;;;;;;;;;;;;;;;;;;;;0;0;0;2017-10-24;;;;
Assembla;202248;50;50;2017-11-30;;75;52;73;71;94;;;;;;;;;;;;;;;;;;;;;;;;;0;0;0;2017-10-24;;;;
Avaza;202249;10;10;2017-11-30;;60;43;56;50;87;;;;;;;;;;;;;;;;;;;;;;;;;0;0;0;2017-10-24;;;;
AXITO;202250;;;;;30;44;0;25;67;;;;;;;;;;;;;;;;;;;;;;;;;0;0;0;2017-10-24;;;;
Basware;202251;1600;1600;2017-11-30;;69;13;52;94;101;;;;;;;;;;;;;;;;;;;;;;;;;;;;;;;;
"Blue note systems";202252;5;5;2017-11-30;;50;46;25;59;79;;;;;;;;;;;;;;;;;;;;;;;;;0;0;0;2017-10-24;;;;
"Cas Pia";202253;;;;;46;42;33;27;86;;;;;;;;;;;;;;;;;;;;;;;;;0;0;0;2017-10-24;;;;
Collabtive;202254;;;;;42;0;39;13;102;;;;;;;;;;;;;;;;;;;;;;;;;;;;;;;;
"CRM Light";202255;5;5;2017-11-30;;36;13;0;59;78;;;;;;;;;;;;;;;;;;;;;;;;;;;;;;;;
Crocagile;202256;5;5;2017-11-30;;33;39;0;46;63;;;;;;;;;;;;;;;;;;;;;;;;;0;0;0;2017-10-24;;;;
DeskAway;202257;5;5;2017-11-30;;38;16;0;59;83;;;;;;;;;;;;;;;;;;;;;;;;;;;;;;;;
easybill;202259;;;;;55;48;63;25;79;;;;;;;;;;;;;;;;;;;;;;;;;0;0;0;2017-10-24;;;;
Factuurfabriek;202260;;;;;25;13;0;25;69;;;;;;;;;;;;;;;;;;;;;;;;;;;;;;;;
FastBill;202261;20;20;2017-11-30;;67;52;58;67;88;;;;;;;;;;;;;;;;;;;;;;;;;0;0;0;2017-10-24;;;;
Flexina;202262;;;;;24;0;0;25;73;2032;32;17;2848563;1042944;1097775;0.1;-58.163;3;-4.943;0.01;-4.943;2901844;1040372;2017-03-31;;;;;;;;;;;;;;;;;
Freemle;202263;5;5;2017-11-30;;32;13;0;59;60;;;;;;;;;;;;;;;;;;;;;;;;;;;;;;;;
Glasscubes;202265;5;5;2017-11-30;;52;46;30;59;79;;;;;;;;;;;;;;;;;;;;;;;;;0;0;0;2017-10-24;;;;
iConneqt;202266;5;5;2017-11-30;;44;13;25;59;74;;;;;;;;;;;;;;;;;;;;;;;;;;;;;;;;
Inbot;202267;15;15;2017-11-30;;48;42;21;65;73;;;;;;;;;;;;;;;;;;;;;;;;;0;0;0;2017-10-24;;;;
incwo;202268;10;10;2017-11-30;;59;52;55;50;80;;;;;;;;;;;;;;;;;;;;;;;;;0;0;0;2017-10-24;;;;
Interact.io;202269;10;10;2017-11-30;;44;41;13;63;71;;;;;;;;;;;;;;;;;;;;;;;;;0;0;0;2017-10-24;;;;
Logicworks;202271;;;;;25;13;0;25;66;;;;;;;;;;;;;;;;;;;;;;;;;;;;;;;;
McscCom;202272;;;;;23;13;0;25;61;;;;;;;;;;;;;;;;;;;;;;;;;;;;;;;;
Nelis;202273;15;15;2017-11-30;;47;15;21;65;87;;;;;;;;;;;;;;;;;;;;;;;;;;;;;;;;
ImpactXRM;202274;5;5;2017-12-01;;40;56;0;59;70;;;6;7521296;-6313767;-4177309;0.03;40;3;200;0;200;6508326;-9248561;2017-03-31;;;;;;;;;;;;;;;53;4;2017-10-24
"OnContact CRM";202275;;;;;46;46;35;25;83;;;;;;;;;;;;;;;;;;;;;;;;;0;0;0;2017-10-24;;;;
OneDesk;202276;20;20;2017-11-30;;55;42;37;67;79;;;;;;;;;;;;;;;;;;;;;;;;;0;0;0;2017-10-24;;;;
"OnePMO by ISC";202277;;;;;24;13;0;25;62;;;;;;;;;;;;;;;;;;;;;;;;;;;;;;;;
"Oracle Siebel";202278;138000;138000;2017-11-30;32364964800;122;66;122;125;153;;;;;;;;;;;;;;;;;;;;;;;;;0;0;0;2017-10-24;;;;
"PiSA sales GmbH";202279;30;30;2017-11-30;;40;13;0;69;84;;;;;;;;;;;;;;;;;;;;;;;;;;;;;;;;
"PlayMaker CRM";202280;44;44;2017-11-30;;47;43;12;71;74;1639;39;17;1825783;-542353;-502757;0.2;30;4;30;0.02;30;1469661;-684465;2017-09-26;25;6316525;44;466;73;41;40;430;2017-09-26;0;191;0;2017-10-24;;;;
Primavera;202281;60;60;2017-11-30;;46;38;8;72;79;;;;;;;;;;;;;;;;;;;;;;;;;0;0;0;2017-10-24;;;;
Projecturf;202282;5;5;2017-11-30;;51;47;19;59;89;;;;;;;;;;;;;;;;;;;;;;;;;0;0;0;2017-10-24;;;;
"Prophet CRM";202283;;;;;30;16;23;13;66;;;;;;;;;;;;;;;;;;;;;;;;;;;;;;;;
ProWorkflow;202284;10;10;2017-11-30;;62;52;41;66;95;;;;;;;;;;;;;;;;;;;;;;;;;0;0;0;2017-10-24;;;;
Radar;202285;15;15;2017-11-30;;40;34;0;65;75;;;;;;;;;;;;;;;;;;;;;;;;;0;0;0;2017-10-24;;;;
Relenta;202286;5;5;2017-11-30;;45;40;27;46;71;;;;;;;;;;;;;;;;;;;;;;;;;0;0;0;2017-10-24;;;;
Ronin;202287;150;150;2017-11-30;;53;13;40;65;85;;;;;;;;;;;;;;;;;;;;;;;;;;;;;;;;
"CRM Salesflow";202289;5;5;2017-12-01;;26;0;0;46;60;;;;;;;;;;;;;;;;;;;;;;;;;;;;;;;;
Scribo;202290;5;5;2017-12-01;;42;43;0;59;84;;;;;;;;;;;;;;;;;;;;;;;;;0;0;0;2017-10-24;;;;
SeedCRM;202291;;;;;17;0;0;13;54;;;;;;;;;;;;;;;;;;;;;;;;;;;;;;;;
Solve‚Ñ¢;202292;;;;;49;13;59;29;76;;;;;;;;;;;;;;;;;;;;;;;;;;;;;;;;
Teambase;202294;;;;;32;47;0;25;77;;;;;;;;;;;;;;;;;;;;;;;;;0;0;0;2017-10-24;;;;
Teamlab;202295;;;;;47;47;26;30;94;;;;;;;;;;;;;;;;;;;;;;;;;0;0;0;2017-10-24;;;;
TimeLog;202296;20;20;2017-11-30;;56;15;54;67;73;;;;;;;;;;;;;;;;;;;;;;;;;;;;;;;;
Aurea;202297;490;490;2017-12-01;;68;0;51;87;114;;;;;;;;;;;;;;;;;;;;;;;;;;;;;;;;
Wice;202299;;;;;42;46;24;25;82;;;;;;;;;;;;;;;;;;;;;;;;;0;0;0;2017-10-24;;;;
Workanizr;202300;;;;;19;13;0;13;57;;;;;;;;;;;;;;;;;;;;;;;;;;;;;;;;
Yerpa;202301;;;;;27;44;0;25;55;;;;;;;;;;;;;;;;;;;;;;;;;0;0;0;2017-10-24;;;;
"Yoobi timetracking";202302;;;;;39;13;40;25;67;;;;;;;;;;;;;;;;;;;;;;;;;;;;;;;;
"Your SL CRM";202303;25000;25000;2017-11-30;7199063474.4;125;153;129;115;115;;;3;;;;;;;;;;;;2017-09-27;14;14200517;40;222;55;58;57;200;2017-10-23;5162;673930;3471;2017-10-24;;50981;7484;2017-10-24
GoldMine;202305;1;1;2017-11-30;;57;44;43;50;93;;;;;;;;;;;;;;;;;;;;;;;;;0;0;0;2017-10-24;;;;
CiviCRM;202309;10;10;2017-11-30;;63;47;53;50;101;;;;;;;;;;;;;;;;;;;;;;;;;0;0;0;2017-10-24;;;;
Upwave;202333;;;;;41;45;35;13;77;;;;;;;;;;;;;;;;;;;;;;;;;0;0;0;2017-10-24;;;;
AiconSoft;202366;5;5;2017-12-05;;38;13;;25;66;;;;;;;;;;;;;;;;;;;;;;;;;;;;;;;;
"AZURO office";202368;;;;;13;13;;13;;;;;;;;;;;;;;;;;;;;;;;;;;;;;;;;;
Papierkram;202370;;;;;20;13;;25;;;;;;;;;;;;;;;;;;;;;;;;;;;;;;;;;
PersistIQ;202371;10;10;2017-12-05;;20;13;;25;;;;;;;;;;;;;;;;;;;;;;;;;;;;;;;;;
plentymarkets;202372;;;;;57;15;;25;115;;;;;;;;;;;;;;;;;;;;;;;;;;;;;;;;
ProSonata;202373;;;;;21;15;;25;;;;;;;;;;;;;;;;;;;;;;;;;;;;;;;;;
PVCRM;202374;;;;;8;0;;13;;;;;;;;;;;;;;;;;;;;;;;;;;;;;;;;;
Rentman;202375;15;15;2017-12-05;;48;15;;25;91;;;;;;;;;;;;;;;;;;;;;;;;;;;;;;;;
reweo;202376;;;;;21;15;;25;;;;;;;;;;;;;;;;;;;;;;;;;;;;;;;;;
"Sales Joe";202377;;;;;21;15;;25;;;;;;;;;;;;;;;;;;;;;;;;;;;;;;;;;
Scoro;202378;;;;;21;15;;25;;;;;;;;;;;;;;;;;;;;;;;;;;;;;;;;;
"Alchemist Accelerator";202379;120;120;2017-12-05;;21;15;;25;;;;;;;;;;;;;;;;;;;;;;;;;;;;;;;;;
"Inventure Oy";202380;30;30;2017-12-05;;20;13;;25;;;;;;;;;;;;;;;;;;;;;;;;;;;;;;;;;
"Tera Ventures";202381;;;;;16;0;;25;;;;;;;;;;;;;;;;;;;;;;;;;;;;;;;;;
Sellify.de;202382;;;;;20;13;;25;;;;;;;;;;;;;;;;;;;;;;;;;;;;;;;;;
Topix;202383;15;15;2017-12-05;;13;15;;13;;;;;;;;;;;;;;;;;;;;;;;;;;;;;;;;;
"Danea Soft";202384;15;15;2017-12-05;;52;15;;25;101;;;;;;;;;;;;;;;;;;;;;;;;;;;;;;;;
VTECRM;202385;;;;;20;13;;25;;;;;;;;;;;;;;;;;;;;;;;;;;;;;;;;;
Fattura24;202386;;;;;42;15;;25;76;;;;;;;;;;;;;;;;;;;;;;;;;;;;;;;;
Goose;202387;5;5;2017-12-05;;13;13;;13;;;;;;;;;;;;;;;;;;;;;;;;;;;;;;;;;
"Mondo Abaco";202388;;;;;13;13;;13;;;;;;;;;;;;;;;;;;;;;;;;;;;;;;;;;
Wethod;202389;5;5;2017-12-05;;16;0;;25;;;;;;;;;;;;;;;;;;;;;;;;;;;;;;;;;
"TigerPro CRM";202410;;;;;13;15;;13;;;;;;;;;;;;;;;;;;;;;;;;;;;;;;;;;
"Easy Redmine Development Center";202412;30;30;2017-12-06;;21;15;;25;;;;;;;;;;;;;;;;;;;;;;;;;;;;;;;;;
"GRC Contact";202414;5;5;2017-12-06;;21;15;;25;;;;;;;;;;;;;;;;;;;;;;;;;;;;;;;;;
"Fitnet Manager";202416;15;15;2017-12-06;;21;15;;25;;;;;;;;;;;;;;;;;;;;;;;;;;;;;;;;;
BoondManager;202419;10;10;2017-12-06;;21;15;;25;;;;;;;;;;;;;;;;;;;;;;;;;;;;;;;;;
"Koban CRM+Marketing";202423;;;;;21;15;;25;;;;;;;;;;;;;;;;;;;;;;;;;;;;;;;;;
Yuto;202424;;;;;21;16;;25;;;;;;;;;;;;;;;;;;;;;;;;;;;;;;;;;
"Buzzee France";202425;;;;;21;15;;25;;;;;;;;;;;;;;;;;;;;;;;;;;;;;;;;;
"DIMO Software";202426;330;330;2017-12-06;;13;13;;13;;;;;;;;;;;;;;;;;;;;;;;;;;;;;;;;;
Oryanoo;202427;5;5;2017-12-06;;20;13;;25;;;;;;;;;;;;;;;;;;;;;;;;;;;;;;;;;
VSActivity;202428;;;;;13;15;;13;;;;;;;;;;;;;;;;;;;;;;;;;;;;;;;;;
"LUNDI MATIN";202429;20;20;2017-12-06;;21;15;;25;;;;;;;;;;;;;;;;;;;;;;;;;;;;;;;;;
Divalto;202430;180;180;2017-12-06;;21;15;;25;;;;;;;;;;;;;;;;;;;;;;;;;;;;;;;;;
"Okapisoft Careo";202431;;;;;8;0;;13;;;;;;;;;;;;;;;;;;;;;;;;;;;;;;;;;
Kwix√©o;202432;;;;;13;15;;13;;;;;;;;;;;;;;;;;;;;;;;;;;;;;;;;;
"Arow CRM";202433;;;;;8;0;;13;;;;;;;;;;;;;;;;;;;;;;;;;;;;;;;;;
COGILOG;202434;;;;;21;15;;25;;;;;;;;;;;;;;;;;;;;;;;;;;;;;;;;;
"MyPortal CRM";202435;;;;;8;0;;13;;;;;;;;;;;;;;;;;;;;;;;;;;;;;;;;;
"PME CRM";202436;;;;;21;15;;25;;;;;;;;;;;;;;;;;;;;;;;;;;;;;;;;;
SuiteCRM;202437;;;;;21;15;;25;;;;;;;;;;;;;;;;;;;;;;;;;;;;;;;;;
Prospective;202438;;;;;8;0;;13;;;;;;;;;;;;;;;;;;;;;;;;;;;;;;;;;
"Salesbox CRM";202439;5;5;2017-12-06;;21;15;;25;;;;;;;;;;;;;;;;;;;;;;;;;;;;;;;;;
ZEFYR;202440;10;10;2017-12-06;;21;15;;25;;;;;;;;;;;;;;;;;;;;;;;;;;;;;;;;;
wuro;202441;;;;;13;15;;13;;;;;;;;;;;;;;;;;;;;;;;;;;;;;;;;;
JePilote;202442;;;;;21;15;;25;;;;;;;;;;;;;;;;;;;;;;;;;;;;;;;;;
Teamweek;202445;5;5;2017-12-06;;13;15;;13;;;;;;;;;;;;;;;;;;;;;;;;;;;;;;;;;
HacknPlan;202446;;;;;13;15;;13;;;;;;;;;;;;;;;;;;;;;;;;;;;;;;;;;
TeamGantt;202447;10;10;2017-12-06;;21;15;;25;;;;;;;;;;;;;;;;;;;;;;;;;;;;;;;;;
Wimi;202448;30;30;2017-12-06;;21;15;;25;;;;;;;;;;;;;;;;;;;;;;;;;;;;;;;;;
Toptracker;202449;1840;1840;2017-12-06;;21;15;;25;;;;;;;;;;;;;;;;;;;;;;;;;;;;;;;;;
